{
  "lstm": {
    "best_val_acc": 0.8793333333333333,
    "train_losses": [
      0.589656040916931,
      0.5268547443955647,
      0.5574365163143635,
      0.2900968539022876,
      0.18235523746752433,
      0.11284530505034017,
      0.0635311547470989
    ],
    "val_losses": [
      0.48537162244319915,
      0.6363840552086526,
      0.36955681979022126,
      0.29223722317751416,
      0.3150021213800349,
      0.3691571028942757,
      0.4221644648212068
    ],
    "val_accuracies": [
      0.7958666666666666,
      0.6896,
      0.848,
      0.8793333333333333,
      0.8793333333333333,
      0.876,
      0.8732
    ],
    "total_time": 319.9058496952057,
    "avg_epoch_time": 45.70083567074367,
    "gpu_memory_usage": [
      151.19775390625,
      151.283203125,
      151.283203125,
      151.283203125,
      151.283203125,
      151.283203125,
      151.283203125,
      151.283203125,
      151.283203125,
      151.283203125,
      151.283203125,
      151.283203125,
      151.283203125,
      151.283203125,
      151.283203125,
      151.283203125,
      151.283203125,
      151.283203125,
      151.283203125,
      151.283203125,
      151.283203125,
      151.283203125,
      151.283203125,
      151.283203125,
      151.283203125,
      151.283203125,
      151.283203125,
      151.283203125,
      151.283203125,
      151.283203125,
      151.283203125,
      151.283203125,
      151.283203125,
      151.283203125,
      151.283203125,
      151.283203125,
      151.283203125,
      151.283203125,
      151.283203125,
      151.283203125,
      151.283203125,
      151.283203125,
      151.283203125,
      151.283203125,
      151.283203125,
      151.283203125,
      151.283203125,
      151.283203125,
      151.283203125,
      151.283203125,
      151.283203125,
      151.283203125,
      151.283203125,
      151.283203125,
      151.283203125,
      151.283203125,
      151.283203125,
      151.283203125,
      151.283203125,
      151.283203125,
      151.283203125,
      151.283203125,
      151.283203125,
      151.283203125,
      151.283203125,
      151.283203125,
      151.283203125,
      151.283203125,
      151.283203125,
      151.283203125,
      151.283203125,
      151.283203125,
      151.283203125,
      151.283203125,
      151.283203125,
      151.283203125,
      151.283203125
    ],
    "test_acc": 0.8729333333333333
  },
  "transformer": {
    "best_val_acc": 0.8666666666666667,
    "train_losses": [
      0.5238806124320304,
      0.29835652277704455,
      0.2024298914294465,
      0.11073473064225488,
      0.05093856651073754,
      0.02634649891868128
    ],
    "val_losses": [
      0.36173852380919963,
      0.37503119426521847,
      0.364711894729036,
      0.47496904083230396,
      0.5645223523470315,
      0.6883968769077291
    ],
    "val_accuracies": [
      0.8574666666666667,
      0.8534666666666667,
      0.8666666666666667,
      0.8570666666666666,
      0.8556,
      0.856
    ],
    "total_time": 99.37470531463623,
    "avg_epoch_time": 16.562450885772705,
    "gpu_memory_usage": [
      245.17724609375,
      245.17724609375,
      245.17724609375,
      245.17724609375,
      245.17724609375,
      245.17724609375,
      245.17724609375,
      245.17724609375,
      245.17724609375,
      245.17724609375,
      245.17724609375,
      245.17724609375,
      245.17724609375,
      245.17724609375,
      245.17724609375,
      245.17724609375,
      245.17724609375,
      245.17724609375,
      245.17724609375,
      245.17724609375,
      245.17724609375,
      245.17724609375,
      245.17724609375,
      245.17724609375,
      245.17724609375,
      245.17724609375,
      245.17724609375,
      245.17724609375,
      245.17724609375,
      245.17724609375,
      245.17724609375,
      245.17724609375,
      245.17724609375,
      245.17724609375,
      245.17724609375,
      245.17724609375,
      245.17724609375,
      245.17724609375,
      245.17724609375,
      245.17724609375,
      245.17724609375,
      245.17724609375,
      245.17724609375,
      245.17724609375,
      245.17724609375,
      245.17724609375,
      245.17724609375,
      245.17724609375,
      245.17724609375,
      245.17724609375,
      245.17724609375,
      245.17724609375,
      245.17724609375,
      245.17724609375,
      245.17724609375,
      245.17724609375,
      245.17724609375,
      245.17724609375,
      245.17724609375,
      245.17724609375,
      245.17724609375,
      245.17724609375,
      245.17724609375,
      245.17724609375,
      245.17724609375,
      245.17724609375
    ],
    "test_acc": 0.8514666666666667
  },
  "bert": {
    "best_val_acc": 0.8890666666666667,
    "train_losses": [
      0.3160197449885513,
      0.18499341237969982,
      0.09347247645272524,
      0.04967145779096884,
      0.0354900213751867
    ],
    "val_losses": [
      0.26304098309825924,
      0.2872684910905355,
      0.3505386442823737,
      0.41123341900387855,
      0.5317601953730681
    ],
    "val_accuracies": [
      0.8886666666666667,
      0.8890666666666667,
      0.8856,
      0.8866666666666667,
      0.8774666666666666
    ],
    "total_time": 1450.0514118671417,
    "avg_epoch_time": 290.01028237342837,
    "gpu_memory_usage": [
      1960.65234375,
      1954.02734375,
      1954.02734375,
      1954.02734375,
      1954.02734375,
      1954.02734375,
      1954.02734375,
      1954.02734375,
      1954.02734375,
      1954.02734375,
      1954.02734375,
      1954.02734375,
      1954.02734375,
      1954.02734375,
      1954.02734375,
      1954.02734375,
      1954.02734375,
      1954.02734375,
      1954.02734375,
      1954.02734375,
      1954.02734375,
      1954.02734375,
      1954.02734375,
      1954.02734375,
      1954.02734375,
      1954.02734375,
      1954.02734375,
      1954.02734375,
      1954.02734375,
      1954.02734375,
      1954.02734375,
      1954.02734375,
      1954.02734375,
      1954.02734375,
      1954.02734375,
      1954.02734375,
      1954.02734375,
      1954.02734375,
      1954.02734375,
      1954.02734375,
      1954.02734375,
      1954.02734375,
      1954.02734375,
      1954.02734375,
      1954.02734375,
      1954.02734375,
      1954.02734375,
      1954.02734375,
      1954.02734375,
      1954.02734375,
      1954.02734375,
      1954.02734375,
      1954.02734375,
      1954.02734375,
      1954.02734375,
      1954.02734375,
      1954.02734375,
      1954.02734375,
      1954.02734375,
      1954.02734375,
      1954.02734375,
      1954.02734375,
      1954.02734375,
      1954.02734375,
      1954.02734375,
      1954.02734375,
      1954.02734375,
      1954.02734375,
      1954.02734375,
      1954.02734375,
      1954.02734375,
      1954.02734375,
      1954.02734375,
      1954.02734375,
      1954.02734375,
      1954.02734375,
      1954.02734375,
      1954.02734375,
      1954.02734375,
      1954.02734375,
      1954.02734375,
      1954.02734375,
      1954.02734375,
      1954.02734375,
      1954.02734375,
      1954.02734375,
      1954.02734375,
      1954.02734375,
      1954.02734375,
      1954.02734375,
      1954.02734375,
      1954.02734375,
      1954.02734375,
      1954.02734375,
      1954.02734375,
      1954.02734375,
      1954.02734375,
      1954.02734375,
      1954.02734375,
      1954.02734375,
      1954.02734375,
      1954.02734375,
      1954.02734375,
      1954.02734375,
      1954.02734375,
      1954.02734375,
      1954.02734375,
      1954.02734375,
      1954.02734375,
      1954.02734375
    ],
    "test_acc": 0.8762666666666666
  }
}